step,fl_shoulder_joint_rad,fr_shoulder_joint_rad,bl_shoulder_joint_rad,br_shoulder_joint_rad,fl_thigh_joint_rad,fr_thigh_joint_rad,bl_thigh_joint_rad,br_thigh_joint_rad,fl_calf_joint_rad,fr_calf_joint_rad,bl_calf_joint_rad,br_calf_joint_rad,fl_shoulder_joint_deg,fr_shoulder_joint_deg,bl_shoulder_joint_deg,br_shoulder_joint_deg,fl_thigh_joint_deg,fr_thigh_joint_deg,bl_thigh_joint_deg,br_thigh_joint_deg,fl_calf_joint_deg,fr_calf_joint_deg,bl_calf_joint_deg,br_calf_joint_deg,fl_shoulder_joint_servo,fr_shoulder_joint_servo,bl_shoulder_joint_servo,br_shoulder_joint_servo,fl_thigh_joint_servo,fr_thigh_joint_servo,bl_thigh_joint_servo,br_thigh_joint_servo,fl_calf_joint_servo,fr_calf_joint_servo,bl_calf_joint_servo,br_calf_joint_servo
0,0.056770,-0.300000,-0.300000,0.131093,0.130061,-1.200000,-1.200000,-0.824030,1.570796,-0.150000,-0.150000,-0.150000,3.253,-17.189,-17.189,7.511,7.452,-68.755,-68.755,-47.213,90.000,-8.594,-8.594,-8.594,2084.0,1851.4,1851.4,1961.5,1962.2,2829.3,1264.7,1509.8,3071.0,2144.8,2144.8,2144.8
1,0.179915,-0.091332,-0.300000,-0.115678,-0.155558,-1.200000,-0.657363,-0.445508,1.526965,-0.020232,-0.150000,0.028109,10.308,-5.233,-17.189,-6.628,-8.913,-68.755,-37.664,-25.526,87.489,-1.159,-8.594,1.611,2164.3,1987.5,1851.4,2122.4,2148.4,2829.3,1618.5,1756.6,3042.4,2060.2,2144.8,2028.7
2,0.300000,0.300000,-0.300000,0.300000,-0.122016,-0.534849,0.169479,-0.682160,0.137536,0.138542,-0.054685,-0.150000,17.189,17.189,-17.189,17.189,-6.991,-30.645,9.710,-39.085,7.880,7.938,-3.133,-8.594,2242.6,2242.6,1851.4,1851.4,2126.5,2395.7,2157.5,1602.3,2136.7,1956.7,2082.6,2144.8
3,0.300000,0.300000,-0.300000,0.300000,0.116569,-0.487448,0.219990,-0.259659,0.057365,0.498471,0.152810,-0.150000,17.189,17.189,-17.189,17.189,6.679,-27.929,12.605,-14.877,3.287,28.560,8.755,-8.594,2242.6,2242.6,1851.4,1851.4,1971.0,2364.8,2190.4,1877.7,2084.4,1722.0,1947.4,2144.8
4,0.300000,0.300000,-0.300000,0.300000,0.538115,-0.890565,0.221365,0.072602,0.047948,0.096766,-0.147825,-0.092793,17.189,17.189,-17.189,17.189,30.832,-51.026,12.683,4.160,2.747,5.544,-8.470,-5.317,2242.6,2242.6,1851.4,1851.4,1696.2,2627.6,2191.3,2094.3,2078.3,1983.9,2143.4,2107.5
5,0.299881,-0.069064,-0.300000,0.219035,0.600000,-1.200000,0.147819,0.600000,0.100934,0.437786,-0.148502,-0.126099,17.182,-3.957,-17.189,12.550,34.377,-68.755,8.469,34.377,5.783,25.083,-8.509,-7.225,2242.5,2002.0,1851.4,1904.2,1655.9,2829.3,2143.4,2438.1,2112.8,1761.6,2143.8,2129.2
6,0.292350,-0.266453,-0.300000,-0.034813,0.600000,-1.200000,0.483930,0.600000,-0.150000,1.412384,-0.135500,0.487076,16.750,-15.267,-17.189,-1.995,34.377,-68.755,27.727,34.377,-8.594,80.924,-7.764,27.907,2237.6,1873.3,1851.4,2069.7,1655.9,2829.3,2362.5,2438.1,1949.2,1126.3,2135.3,1729.5
7,-0.300000,-0.300000,0.149592,0.300000,0.470424,-0.870892,-0.090140,0.500398,0.913900,1.570796,-0.150000,0.622413,-17.189,-17.189,8.571,17.189,26.953,-49.898,-5.165,28.671,52.363,90.000,-8.594,35.662,1851.4,1851.4,2144.5,1851.4,1740.3,2614.7,1988.2,2373.2,2642.8,1023.0,2144.8,1641.2
8,-0.300000,-0.300000,0.300000,-0.206023,-0.799669,-0.602470,-1.200000,-1.200000,1.349484,0.558485,0.292108,0.045327,-17.189,-17.189,17.189,-11.804,-45.818,-34.519,-68.755,-68.755,77.320,31.999,16.737,2.597,1851.4,1851.4,2242.6,2181.3,2568.3,2439.7,1264.7,1264.7,2926.7,1682.9,1856.6,2017.5
9,-0.300000,-0.300000,0.300000,0.210882,-0.367712,-0.525993,-1.200000,-0.323997,0.633579,0.771395,0.509971,1.129279,-17.189,-17.189,17.189,12.083,-21.068,-30.137,-68.755,-18.564,36.301,44.198,29.219,64.703,1851.4,1851.4,2242.6,1909.5,2286.7,2389.9,1264.7,1835.8,2460.0,1544.1,1714.6,1310.8
10,-0.300000,-0.300000,0.300000,0.229468,-0.315705,-0.443035,-0.932554,-0.090784,-0.068772,0.921523,0.566271,1.498749,-17.189,-17.189,17.189,13.148,-18.089,-25.384,-53.431,-5.202,-3.940,52.799,32.445,85.872,1851.4,1851.4,2242.6,1897.4,2252.8,2335.8,1439.1,1987.8,2002.2,1446.3,1677.8,1070.0
11,-0.300000,-0.300000,0.202783,0.099838,-0.351212,-0.312173,-0.763056,-0.043481,0.817488,0.704139,-0.150000,1.570796,-17.189,-17.189,11.619,5.720,-20.123,-17.886,-43.720,-2.491,46.839,40.344,-8.594,90.000,1851.4,1851.4,2179.2,1981.9,2276.0,2250.5,1549.6,2018.7,2579.9,1588.0,2144.8,1023.0
12,-0.277150,-0.300000,0.278741,-0.147079,-0.543716,-0.589921,-0.896500,-0.536726,1.429819,0.598467,-0.150000,1.570796,-15.880,-17.189,15.971,-8.427,-31.153,-33.800,-51.366,-30.752,81.923,34.290,-8.594,90.000,1866.3,1851.4,2228.7,2142.9,2401.4,2431.6,1462.6,1697.1,2979.1,1656.9,2144.8,1023.0
13,-0.184520,-0.300000,0.102597,-0.217980,-0.531480,-0.734323,-1.079410,-0.570057,1.532310,0.390213,-0.150000,1.570796,-10.572,-17.189,5.878,-12.489,-30.452,-42.074,-61.846,-32.662,87.795,22.358,-8.594,90.000,1926.7,1851.4,2113.9,2189.1,2393.5,2525.7,1343.3,1675.4,3045.9,1792.6,2144.8,1023.0
14,-0.119034,-0.300000,-0.109256,-0.125190,-0.426647,-0.781213,-0.974445,-0.413382,1.558490,0.643277,-0.150000,1.570796,-6.820,-17.189,-6.260,-7.173,-24.445,-44.760,-55.832,-23.685,89.295,36.857,-8.594,90.000,1969.4,1851.4,1975.8,2128.6,2325.1,2556.3,1411.8,1777.5,3063.0,1627.6,2144.8,1023.0
15,-0.045387,-0.300000,-0.300000,-0.104333,-0.180930,-0.834781,-0.837635,-0.125060,1.307119,0.952771,-0.150000,1.570796,-2.600,-17.189,-17.189,-5.978,-10.367,-47.829,-47.993,-7.165,74.892,54.590,-8.594,90.000,2017.4,1851.4,1851.4,2115.0,2164.9,2591.2,1500.9,1965.5,2899.1,1425.9,2144.8,1023.0
16,-0.249422,-0.123891,-0.300000,-0.300000,0.102124,-1.018258,-0.797988,0.399577,0.303474,1.430590,-0.150000,1.570796,-14.291,-7.098,-17.189,-17.189,5.851,-58.342,-45.721,22.894,17.388,81.967,-8.594,90.000,1884.4,1966.2,1851.4,2242.6,1980.4,2710.8,1526.8,2307.5,2244.8,1114.4,2144.8,1023.0
17,0.059280,0.234799,-0.300000,0.300000,0.296303,-1.200000,-0.081087,0.600000,0.422660,1.439817,-0.150000,1.570796,3.396,13.453,-17.189,17.189,16.977,-68.755,-4.646,34.377,24.217,82.495,-8.594,90.000,2085.6,2200.1,1851.4,1851.4,1853.8,2829.3,1994.1,2438.1,2322.5,1108.4,2144.8,1023.0
18,-0.300000,0.025605,-0.300000,0.088400,0.244673,-0.647752,-0.505438,0.600000,1.570796,-0.150000,-0.150000,0.172165,-17.189,1.467,-17.189,5.065,14.019,-37.113,-28.959,34.377,90.000,-8.594,-8.594,9.864,1851.4,2063.7,1851.4,1989.4,1887.5,2469.3,1717.5,2438.1,3071.0,2144.8,2144.8,1934.8
19,0.258584,0.300000,-0.300000,0.300000,0.328628,-0.516313,0.191487,-0.254079,0.578880,-0.150000,0.898000,-0.150000,14.816,17.189,-17.189,17.189,18.829,-29.583,10.971,-14.558,33.167,-8.594,51.452,-8.594,2215.6,2242.6,1851.4,1851.4,1832.8,2383.6,2171.8,1881.4,2424.4,2144.8,1461.6,2144.8
20,0.273377,0.215463,-0.300000,0.300000,0.186614,-0.401703,0.008794,-0.607936,0.271261,0.156461,0.692170,-0.150000,15.663,12.345,-17.189,17.189,10.692,-23.016,0.504,-34.832,15.542,8.965,39.658,-8.594,2225.2,2187.5,1851.4,1851.4,1925.3,2308.9,2052.7,1650.7,2223.8,1945.0,1595.8,2144.8
21,0.197212,0.153481,-0.300000,0.300000,0.475366,-0.575673,0.064087,-0.434448,0.319631,-0.150000,0.848242,-0.150000,11.299,8.794,-17.189,17.189,27.236,-32.984,3.672,-24.892,18.314,-8.594,48.601,-8.594,2175.6,2147.1,1851.4,1851.4,1737.1,2422.3,2088.8,1763.8,2255.4,2144.8,1494.0,2144.8
22,0.098287,0.162959,-0.300000,0.300000,0.314148,-0.336588,0.135895,-0.165790,0.613877,-0.150000,0.644088,-0.150000,5.631,9.337,-17.189,17.189,17.999,-19.285,7.786,-9.499,35.173,-8.594,36.904,-8.594,2111.1,2153.2,1851.4,1851.4,1842.2,2266.4,2135.6,1938.9,2447.2,2144.8,1627.1,2144.8
23,0.082007,0.182816,-0.300000,0.300000,0.256078,-0.587380,0.133322,0.219611,0.684793,-0.150000,0.382474,-0.113064,4.699,10.475,-17.189,17.189,14.672,-33.654,7.639,12.583,39.236,-8.594,21.914,-6.478,2100.5,2166.2,1851.4,1851.4,1880.1,2429.9,2133.9,2190.2,2493.4,2144.8,1797.7,2120.7
24,0.056018,0.031451,-0.300000,0.300000,0.600000,-0.902335,0.397002,0.600000,0.552140,-0.150000,0.508886,-0.073122,3.210,1.802,-17.189,17.189,34.377,-51.700,22.747,34.377,31.635,-8.594,29.157,-4.190,2083.5,2067.5,1851.4,1851.4,1655.9,2635.2,2305.8,2438.1,2406.9,2144.8,1715.3,2094.7
25,-0.090420,-0.297353,-0.300000,0.150376,0.600000,-1.060395,-0.021028,0.600000,0.592271,0.210222,0.779128,-0.150000,-5.181,-17.037,-17.189,8.616,34.377,-60.756,-1.205,34.377,33.935,12.045,44.641,-8.594,1988.1,1853.2,1851.4,1949.0,1655.9,2738.3,2033.3,2438.1,2433.1,1910.0,1539.1,2144.8
26,-0.226129,-0.300000,-0.300000,-0.090249,0.600000,-0.874428,0.086319,0.600000,-0.070006,0.555170,1.118078,-0.150000,-12.956,-17.189,-17.189,-5.171,34.377,-50.101,4.946,34.377,-4.011,31.809,64.061,-8.594,1899.6,1851.4,1851.4,2105.8,1655.9,2617.0,2103.3,2438.1,2001.4,1685.1,1318.1,2144.8
27,-0.300000,-0.300000,0.300000,-0.295426,0.600000,-0.693669,0.489122,0.600000,-0.150000,1.351875,1.207163,-0.150000,-17.189,-17.189,17.189,-16.927,34.377,-39.744,28.025,34.377,-8.594,77.457,69.165,-8.594,1851.4,1851.4,2242.6,2239.6,1655.9,2499.2,2365.9,2438.1,1949.2,1165.7,1260.1,2144.8
28,-0.203340,-0.300000,0.300000,-0.271140,-0.242481,-1.162143,0.350634,-1.200000,1.565803,1.570796,-0.150000,1.570796,-11.651,-17.189,17.189,-15.535,-13.893,-66.586,20.090,-68.755,89.714,90.000,-8.594,90.000,1914.4,1851.4,2242.6,2223.8,2205.1,2804.6,2275.6,1264.7,3067.7,1023.0,2144.8,1023.0
29,-0.300000,-0.300000,0.300000,-0.114003,-0.156448,-0.501058,-0.872939,-0.630499,1.070879,0.981372,-0.150000,1.570796,-17.189,-17.189,17.189,-6.532,-8.964,-28.709,-50.016,-36.125,61.357,56.228,-8.594,90.000,1851.4,1851.4,2242.6,2121.3,2149.0,2373.6,1477.9,1636.0,2745.1,1407.2,2144.8,1023.0
30,-0.300000,-0.300000,0.300000,-0.034178,-0.069995,-0.395634,-0.782265,0.399559,0.520399,0.701041,0.108225,1.570796,-17.189,-17.189,17.189,-1.958,-4.010,-22.668,-44.820,22.893,29.817,40.167,6.201,90.000,1851.4,1851.4,2242.6,2069.3,2092.6,2304.9,1537.0,2307.5,2386.2,1590.0,1976.4,1023.0
31,-0.208230,-0.300000,0.300000,-0.273038,-0.428971,-0.599674,-0.404052,-0.339754,1.010051,1.075188,-0.150000,1.570796,-11.931,-17.189,17.189,-15.644,-24.578,-34.359,-23.150,-19.466,57.872,61.604,-8.594,90.000,1911.3,1851.4,2242.6,2225.0,2326.6,2437.9,1783.6,1825.5,2705.5,1346.1,2144.8,1023.0
32,-0.060922,-0.300000,0.300000,-0.300000,-0.463897,-0.674694,-0.473289,-0.415239,0.888770,1.121465,-0.150000,1.570796,-3.491,-17.189,17.189,-17.189,-26.579,-38.657,-27.117,-23.791,50.923,64.255,-8.594,90.000,2007.3,1851.4,2242.6,2242.6,2349.4,2486.8,1738.5,1776.3,2626.4,1315.9,2144.8,1023.0
33,0.113350,-0.300000,0.300000,-0.300000,-0.348380,-0.621360,-0.191512,-0.184824,0.573821,1.570796,-0.150000,1.570796,6.494,-17.189,17.189,-17.189,-19.961,-35.601,-10.973,-10.590,32.878,90.000,-8.594,90.000,2120.9,1851.4,2242.6,2242.6,2274.1,2452.1,1922.2,1926.5,2421.1,1023.0,2144.8,1023.0
34,0.050889,-0.032333,-0.300000,-0.124950,0.160001,-1.097315,0.025484,0.433091,-0.075260,1.570796,-0.150000,1.570796,2.916,-1.853,-17.189,-7.159,9.167,-62.872,1.460,24.814,-4.312,90.000,-8.594,90.000,2080.2,2025.9,1851.4,2128.5,1942.7,2762.3,2063.6,2329.3,1997.9,1023.0,2144.8,1023.0
35,0.104540,-0.299765,-0.300000,0.247739,0.534288,-0.658085,-0.102150,0.600000,1.570796,0.341775,0.430627,0.313414,5.990,-17.175,-17.189,14.194,30.612,-37.705,-5.853,34.377,90.000,19.582,24.673,17.957,2115.1,1851.6,1851.4,1885.5,1698.7,2476.0,1980.4,2438.1,3071.0,1824.2,1766.3,1842.7
36,0.300000,0.292521,-0.300000,0.300000,0.290934,-0.492355,0.179932,-0.209429,0.630077,0.107808,1.088872,-0.150000,17.189,16.760,-17.189,17.189,16.669,-28.210,10.309,-11.999,36.101,6.177,62.388,-8.594,2242.6,2237.7,1851.4,1851.4,1857.3,2368.0,2164.3,1910.5,2457.7,1976.7,1337.2,2144.8
37,0.156245,0.288381,-0.300000,0.300000,0.032828,-0.626623,0.218109,-0.028107,0.837727,-0.150000,0.667436,-0.150000,8.952,16.523,-17.189,17.189,1.881,-35.903,12.497,-1.610,47.998,-8.594,38.241,-8.594,2148.9,2235.0,1851.4,1851.4,2025.6,2455.5,2189.2,2028.7,2593.1,2144.8,1611.9,2144.8
38,0.083996,0.273044,-0.300000,0.300000,0.118798,-0.639533,0.189922,-0.001972,0.808532,-0.150000,0.598474,-0.150000,4.813,15.644,-17.189,17.189,6.807,-36.643,10.882,-0.113,46.325,-8.594,34.290,-8.594,2101.8,2225.0,1851.4,1851.4,1969.6,2463.9,2170.8,2045.7,2574.1,2144.8,1656.9,2144.8
39,0.020338,0.260737,-0.300000,0.300000,0.197470,-0.769221,0.057867,0.200589,0.990861,-0.150000,0.355580,-0.150000,1.165,14.939,-17.189,17.189,11.314,-44.073,3.316,11.493,56.772,-8.594,20.373,-8.594,2060.3,2217.0,1851.4,1851.4,1918.3,2548.5,2084.7,2177.8,2692.9,2144.8,1815.2,2144.8
40,-0.122502,-0.079407,-0.300000,0.300000,0.600000,-1.089843,0.266234,0.600000,0.537690,-0.150000,0.937001,-0.150000,-7.019,-4.550,-17.189,17.189,34.377,-62.443,15.254,34.377,30.807,-8.594,53.686,-8.594,1967.1,1995.2,1851.4,1851.4,1655.9,2757.5,2220.6,2438.1,2397.5,2144.8,1436.2,2144.8
41,0.130708,-0.300000,0.120707,-0.122508,0.600000,-1.200000,-0.089886,0.600000,0.185890,0.811102,-0.150000,1.321532,7.489,-17.189,6.916,-7.019,34.377,-68.755,-5.150,34.377,10.651,46.473,-8.594,75.718,2132.2,1851.4,2125.7,2126.9,1655.9,2829.3,1988.4,2438.1,2168.2,1518.2,2144.8,1185.5
42,0.071908,-0.300000,0.300000,-0.300000,0.035711,-1.200000,-0.344953,-0.278792,1.570796,0.425466,-0.150000,1.570796,4.120,-17.189,17.189,-17.189,2.046,-68.755,-19.764,-15.974,90.000,24.377,-8.594,90.000,2093.9,1851.4,2242.6,2242.6,2023.7,2829.3,1822.1,1865.3,3071.0,1769.6,2144.8,1023.0
43,-0.029246,-0.300000,0.262922,-0.132599,-0.562021,-1.024345,-1.200000,-0.284176,0.874950,0.239003,-0.150000,1.570796,-1.676,-17.189,15.064,-7.597,-32.201,-58.691,-68.755,-16.282,50.131,13.694,-8.594,90.000,2027.9,1851.4,2218.4,2133.4,2413.4,2714.8,1264.7,1861.7,2617.4,1891.2,2144.8,1023.0
44,-0.265212,-0.300000,0.300000,-0.300000,-0.731670,-0.429139,-0.683146,-0.536566,1.255396,0.901647,-0.150000,1.570796,-15.196,-17.189,17.189,-17.189,-41.922,-24.588,-39.141,-30.743,71.929,51.661,-8.594,90.000,1874.1,1851.4,2242.6,2242.6,2524.0,2326.8,1601.7,1697.2,2865.4,1459.2,2144.8,1023.0
45,-0.256489,-0.300000,0.300000,-0.300000,-0.493498,-0.273998,-0.532288,-0.172023,1.104408,1.040246,-0.150000,1.570796,-14.696,-17.189,17.189,-17.189,-28.275,-15.699,-30.498,-9.856,63.278,59.602,-8.594,90.000,1879.8,1851.4,2242.6,2242.6,2368.7,2225.6,1700.0,1934.9,2767.0,1368.9,2144.8,1023.0
46,-0.050822,-0.300000,0.300000,-0.300000,-0.325705,-0.579613,-0.216821,-0.172195,0.498192,1.335207,-0.150000,1.570796,-2.912,-17.189,17.189,-17.189,-18.661,-33.209,-12.423,-9.866,28.544,76.502,-8.594,90.000,2013.9,1851.4,2242.6,2242.6,2259.3,2424.8,1905.7,1934.7,2371.8,1176.6,2144.8,1023.0
47,0.115580,-0.300000,0.277612,-0.230602,-0.007773,-0.780242,0.179090,0.004897,0.040142,1.570796,-0.150000,1.570796,6.622,-17.189,15.906,-13.213,-0.445,-44.705,10.261,0.281,2.300,90.000,-8.594,90.000,2122.3,1851.4,2228.0,2197.3,2052.1,2555.6,2163.7,2050.2,2073.2,1023.0,2144.8,1023.0
48,0.171828,-0.300000,-0.300000,0.300000,0.483770,-0.655022,-0.003010,0.600000,1.570796,0.422315,0.051426,0.563769,9.845,-17.189,-17.189,17.189,27.718,-37.530,-0.172,34.377,90.000,24.197,2.946,32.302,2159.0,1851.4,1851.4,1851.4,1731.6,2474.0,2045.0,2438.1,3071.0,1771.7,2013.5,1679.5
49,0.236220,0.179536,-0.300000,0.277482,-0.044041,-0.377428,0.153482,-0.120096,0.635172,0.159887,1.155194,-0.150000,13.534,10.287,-17.189,15.899,-2.523,-21.625,8.794,-6.881,36.393,9.161,66.188,-8.594,2201.0,2164.0,1851.4,1866.1,2075.7,2293.0,2147.1,1968.7,2461.1,1942.8,1293.9,2144.8
50,0.103672,0.246388,-0.300000,0.300000,0.031651,-0.533135,0.431150,0.086185,0.859297,-0.150000,0.920669,-0.150000,5.940,14.117,-17.189,17.189,1.813,-30.546,24.703,4.938,49.234,-8.594,52.750,-8.594,2114.6,2207.6,1851.4,1851.4,2026.4,2394.6,2328.1,2103.2,2607.2,2144.8,1446.8,2144.8
51,0.075114,0.272615,-0.300000,0.300000,0.069320,-0.364415,0.190079,0.274888,0.968962,-0.150000,0.776076,-0.150000,4.304,15.620,-17.189,17.189,3.972,-20.879,10.891,15.750,55.517,-8.594,44.466,-8.594,2096.0,2224.7,1851.4,1851.4,2001.8,2284.6,2170.9,2226.2,2678.7,2144.8,1541.1,2144.8
52,0.114180,0.159084,-0.300000,0.300000,0.252296,-0.618842,0.555696,0.599686,0.795316,-0.150000,0.704774,-0.150000,6.542,9.115,-17.189,17.189,14.456,-35.457,31.839,34.359,45.568,-8.594,40.381,-8.594,2121.4,2150.7,1851.4,1851.4,1882.5,2450.4,2409.3,2437.9,2565.5,2144.8,1587.6,2144.8
53,0.085680,0.089581,-0.300000,0.300000,0.471464,-0.796381,0.514924,0.600000,0.927027,-0.150000,0.633757,-0.150000,4.909,5.133,-17.189,17.189,27.013,-45.629,29.503,34.377,53.115,-8.594,36.312,-8.594,2102.9,2105.4,1851.4,1851.4,1739.7,2566.2,2382.7,2438.1,2651.3,2144.8,1633.9,2144.8
54,-0.054740,-0.220171,-0.300000,0.040374,0.600000,-1.200000,0.083372,0.600000,0.479092,-0.150000,-0.150000,0.013575,-3.136,-12.615,-17.189,2.313,34.377,-68.755,4.777,34.377,27.450,-8.594,-8.594,0.778,2011.3,1903.5,1851.4,2020.7,1655.9,2829.3,2101.4,2438.1,2359.3,2144.8,2144.8,2038.2
55,-0.042138,-0.300000,0.300000,-0.216422,0.600000,-1.200000,0.554794,0.600000,1.315608,0.989652,-0.150000,1.570796,-2.414,-17.189,17.189,-12.400,34.377,-68.755,31.787,34.377,75.379,56.703,-8.594,90.000,2019.5,1851.4,2242.6,2188.1,1655.9,2829.3,2408.7,2438.1,2904.6,1401.8,2144.8,1023.0
56,0.159614,-0.300000,0.300000,-0.014270,-0.688035,-1.200000,-0.998580,-0.748808,1.062068,0.295505,-0.150000,1.570796,9.145,-17.189,17.189,-0.818,-39.421,-68.755,-57.214,-42.904,60.852,16.931,-8.594,90.000,2151.1,1851.4,2242.6,2056.3,2495.5,2829.3,1396.0,1558.9,2739.4,1854.4,2144.8,1023.0
57,-0.300000,-0.300000,0.300000,-0.278776,-0.337565,-0.884468,-0.833442,-0.740031,0.961419,0.378736,-0.150000,1.570796,-17.189,-17.189,17.189,-15.973,-19.341,-50.676,-47.753,-42.401,55.085,21.700,-8.594,90.000,1851.4,1851.4,2242.6,2228.7,2267.1,2623.6,1503.7,1564.6,2673.7,1800.1,2144.8,1023.0
58,-0.231286,-0.300000,0.300000,-0.300000,-0.596534,-0.295629,-0.573000,-0.475875,1.150164,0.667270,-0.150000,1.570796,-13.252,-17.189,17.189,-17.189,-34.179,-16.938,-32.830,-27.266,65.900,38.232,-8.594,90.000,1896.2,1851.4,2242.6,2242.6,2435.9,2239.7,1673.5,1736.8,2796.8,1612.0,2144.8,1023.0
59,-0.089826,-0.300000,0.300000,-0.300000,-0.564094,-0.709961,-0.426206,-0.485329,1.109369,0.945410,-0.150000,1.570796,-5.147,-17.189,17.189,-17.189,-32.320,-40.678,-24.420,-27.807,63.562,54.168,-8.594,90.000,1988.4,1851.4,2242.6,2242.6,2414.7,2509.8,1769.2,1730.6,2770.2,1430.7,2144.8,1023.0
60,-0.111482,-0.300000,0.300000,-0.300000,-0.307968,-0.293488,-0.132954,-0.221333,0.543926,1.091792,-0.150000,1.570796,-6.387,-17.189,17.189,-17.189,-17.645,-16.816,-7.618,-12.681,31.165,62.555,-8.594,90.000,1974.3,1851.4,2242.6,2242.6,2247.8,2238.3,1960.3,1902.7,2401.6,1335.3,2144.8,1023.0
61,0.289390,-0.300000,-0.299458,0.039558,0.558758,-1.028229,-0.264667,0.318640,0.427446,1.265923,-0.150000,1.570796,16.581,-17.189,-17.158,2.266,32.014,-58.913,-15.164,18.257,24.491,72.532,-8.594,90.000,2235.7,1851.4,1851.8,2021.2,1682.7,2717.3,1874.5,2254.7,2325.7,1221.7,2144.8,1023.0
62,-0.224609,-0.163917,-0.300000,-0.300000,-0.131784,-0.706778,-0.431244,0.600000,1.422684,-0.150000,1.077708,-0.150000,-12.869,-9.392,-17.189,-17.189,-7.551,-40.495,-24.708,34.377,81.514,-8.594,61.748,-8.594,1900.6,1940.1,1851.4,2242.6,2132.9,2507.7,1765.9,2438.1,2974.4,2144.8,1344.4,2144.8
63,0.137837,0.211023,-0.300000,0.300000,0.095238,-0.931211,0.225730,0.047362,0.896626,-0.150000,0.809358,-0.150000,7.897,12.091,-17.189,17.189,5.457,-53.354,12.933,2.714,51.373,-8.594,46.373,-8.594,2136.9,2184.6,1851.4,1851.4,1984.9,2654.1,2194.2,2077.9,2631.5,2144.8,1519.4,2144.8
64,0.179040,0.217522,-0.300000,0.300000,0.110334,-0.634728,0.484448,0.268156,0.484883,-0.150000,0.720498,-0.150000,10.258,12.463,-17.189,17.189,6.322,-36.367,27.757,15.364,27.782,-8.594,41.281,-8.594,2163.7,2188.8,1851.4,1851.4,1975.1,2460.8,2362.8,2221.8,2363.1,2144.8,1577.3,2144.8
65,0.154680,0.139822,-0.300000,0.300000,0.411828,-0.679721,0.555571,0.573422,0.761456,-0.150000,0.542315,-0.127752,8.862,8.011,-17.189,17.189,23.596,-38.945,31.832,32.855,43.628,-8.594,31.072,-7.320,2147.8,2138.1,1851.4,1851.4,1778.5,2490.1,2409.2,2420.8,2543.4,2144.8,1693.5,2130.3
66,0.086606,0.115740,-0.300000,0.300000,0.361013,-0.766057,0.390537,0.600000,0.685441,-0.075034,0.456955,-0.150000,4.962,6.631,-17.189,17.189,20.685,-43.892,22.376,34.377,39.273,-4.299,26.182,-8.594,2103.5,2122.5,1851.4,1851.4,1811.7,2546.4,2301.6,2438.1,2493.8,2095.9,1749.1,2144.8
67,0.014313,-0.016034,-0.300000,0.300000,0.600000,-0.971100,0.600000,0.600000,0.765782,0.143991,0.545515,-0.150000,0.820,-0.919,-17.189,17.189,34.377,-55.640,34.377,34.377,43.876,8.250,31.256,-8.594,2056.3,2036.5,1851.4,1851.4,1655.9,2680.1,2438.1,2438.1,2546.2,1953.1,1691.4,2144.8
68,-0.300000,-0.300000,-0.300000,0.166456,0.600000,-1.200000,0.600000,0.600000,1.570796,0.982426,0.012867,0.124637,-17.189,-17.189,-17.189,9.537,34.377,-68.755,34.377,34.377,90.000,56.289,0.737,7.141,1851.4,1851.4,1851.4,1938.5,1655.9,2829.3,2438.1,2438.1,3071.0,1406.6,2038.6,1965.7
69,0.149589,-0.300000,0.300000,-0.300000,0.095884,-1.200000,-0.513033,-0.723358,1.484763,0.769971,-0.150000,1.570796,8.571,-17.189,17.189,-17.189,5.494,-68.755,-29.395,-41.445,85.071,44.116,-8.594,90.000,2144.5,1851.4,2242.6,2242.6,1984.5,2829.3,1712.6,1575.4,3014.9,1545.1,2144.8,1023.0
70,-0.078309,-0.300000,0.223824,0.087186,-0.763663,-1.087991,-1.200000,-0.356082,1.007329,0.513000,-0.150000,1.570796,-4.487,-17.189,12.824,4.995,-43.755,-62.337,-68.755,-20.402,57.716,29.393,-8.594,90.000,1996.0,1851.4,2192.9,1990.2,2544.8,2756.3,1264.7,1814.9,2703.7,1712.6,2144.8,1023.0
71,-0.300000,-0.300000,0.300000,0.077505,-0.345549,-0.821585,-0.752612,-0.663934,1.131920,0.824354,-0.150000,1.570796,-17.189,-17.189,17.189,4.441,-19.799,-47.073,-43.121,-38.041,64.854,47.232,-8.594,90.000,1851.4,1851.4,2242.6,1996.5,2272.3,2582.6,1556.4,1614.2,2784.9,1509.6,2144.8,1023.0
72,-0.300000,-0.300000,0.300000,-0.131331,-0.710101,-0.219620,-0.586864,-0.271341,1.570796,0.945503,-0.150000,1.570796,-17.189,-17.189,17.189,-7.525,-40.686,-12.583,-33.625,-15.547,90.000,54.173,-8.594,90.000,1851.4,1851.4,2242.6,2132.6,2509.9,2190.2,1664.4,1870.1,3071.0,1430.6,2144.8,1023.0
73,-0.300000,-0.300000,0.268454,-0.300000,-0.546241,-0.002468,-0.403806,0.082299,1.410202,1.006818,-0.150000,1.570796,-17.189,-17.189,15.381,-17.189,-31.297,-0.141,-23.136,4.715,80.799,57.686,-8.594,90.000,1851.4,1851.4,2222.0,2242.6,2403.1,2048.6,1783.8,2100.7,2966.3,1390.7,2144.8,1023.0
74,-0.106426,-0.300000,0.300000,-0.300000,-0.666204,-0.571974,-0.291242,-0.157924,0.893696,1.304526,-0.150000,1.570796,-6.098,-17.189,17.189,-17.189,-38.171,-32.772,-16.687,-9.048,51.205,74.744,-8.594,90.000,1977.6,1851.4,2242.6,2242.6,2481.3,2419.9,1857.1,1944.0,2629.6,1196.6,2144.8,1023.0
75,-0.057869,-0.300000,0.217365,-0.232340,-0.222812,-0.445783,0.077246,0.129558,0.360593,1.570796,-0.150000,1.570796,-3.316,-17.189,12.454,-13.312,-12.766,-25.541,4.426,7.423,20.660,90.000,-8.594,90.000,2009.3,1851.4,2188.7,2198.5,2192.3,2337.6,2097.4,2131.5,2282.1,1023.0,2144.8,1023.0
76,0.125353,-0.300000,-0.300000,0.227262,0.344062,-0.539072,0.087414,0.600000,1.570796,0.949121,0.132501,0.871274,7.182,-17.189,-17.189,13.021,19.713,-30.887,5.008,34.377,90.000,54.381,7.592,49.920,2128.7,1851.4,1851.4,1898.8,1822.7,2398.4,2104.0,2438.1,3071.0,1428.3,1960.6,1479.0
77,0.232229,0.077026,-0.300000,0.058139,-0.231473,-0.450498,0.278166,0.133128,1.183311,-0.029137,1.065052,-0.150000,13.306,4.413,-17.189,3.331,-13.262,-25.812,15.938,7.628,67.799,-1.669,61.023,-8.594,2198.4,2097.2,1851.4,2009.1,2197.9,2340.7,2228.3,2133.8,2818.4,2066.0,1352.7,2144.8
78,0.206986,0.204008,-0.300000,0.300000,-0.074878,-0.687683,0.413756,-0.068143,0.732952,-0.150000,0.776677,-0.150000,11.859,11.689,-17.189,17.189,-4.290,-39.401,23.706,-3.904,41.995,-8.594,44.500,-8.594,2181.9,2180.0,1851.4,1851.4,2095.8,2495.3,2316.7,2002.6,2524.8,2144.8,1540.7,2144.8
79,0.229762,0.192857,-0.300000,0.300000,0.290015,-0.455756,0.136371,0.110325,0.732171,-0.052963,0.825790,-0.150000,13.164,11.050,-17.189,17.189,16.617,-26.113,7.813,6.321,41.950,-3.035,47.314,-8.594,2196.8,2172.7,1851.4,1851.4,1857.9,2344.1,2135.9,2118.9,2524.3,2081.5,1508.7,2144.8
80,0.202192,0.184873,-0.300000,0.300000,0.108922,-0.426342,0.407332,0.074872,0.435402,-0.150000,0.648275,-0.091876,11.585,10.592,-17.189,17.189,6.241,-24.428,23.338,4.290,24.947,-8.594,37.143,-5.264,2178.8,2167.5,1851.4,1851.4,1976.0,2324.9,2312.5,2095.8,2330.8,2144.8,1624.4,2106.9
81,0.140186,0.071067,-0.300000,0.300000,0.551588,-0.811808,0.258036,0.600000,0.596586,-0.124895,0.534733,-0.134419,8.032,4.072,-17.189,17.189,31.604,-46.513,14.784,34.377,34.182,-7.156,30.638,-7.702,2138.4,2093.3,1851.4,1851.4,1687.4,2576.2,2215.2,2438.1,2435.9,2128.4,1698.4,2134.6
82,0.122886,0.038414,-0.300000,0.300000,0.478691,-0.826617,0.332066,0.600000,0.643234,-0.055083,0.422189,-0.150000,7.041,2.201,-17.189,17.189,27.427,-47.362,19.026,34.377,36.855,-3.156,24.190,-8.594,2127.1,2072.0,1851.4,1851.4,1734.9,2585.9,2263.5,2438.1,2466.3,2082.9,1771.8,2144.8
83,-0.055934,-0.076038,-0.300000,0.300000,0.600000,-0.983022,0.344352,0.600000,0.669573,0.040909,0.619040,-0.150000,-3.205,-4.357,-17.189,17.189,34.377,-56.323,19.730,34.377,38.364,2.344,35.468,-8.594,2010.5,1997.4,1851.4,1851.4,1655.9,2687.8,2271.5,2438.1,2483.5,2020.3,1643.4,2144.8
84,-0.300000,-0.300000,0.059436,-0.124317,0.600000,-0.968699,0.600000,0.600000,0.389438,1.449348,0.717782,0.264669,-17.189,-17.189,3.405,-7.123,34.377,-55.502,34.377,34.377,22.313,83.042,41.126,15.164,1851.4,1851.4,2085.7,2128.0,1655.9,2678.5,2438.1,2438.1,2300.9,1102.2,1579.1,1874.5
85,0.245780,-0.300000,0.300000,-0.110432,0.424771,-1.200000,0.152970,-0.632287,0.434910,1.570796,-0.150000,1.570796,14.082,-17.189,17.189,-6.327,24.338,-68.755,8.765,-36.227,24.919,90.000,-8.594,90.000,2207.2,1851.4,2242.6,2119.0,1770.1,2829.3,2146.7,1634.8,2330.5,1023.0,2144.8,1023.0
86,-0.291962,-0.300000,0.300000,-0.278850,0.115539,-1.200000,-0.974398,-0.537423,1.317483,0.692939,-0.150000,1.570796,-16.728,-17.189,17.189,-15.977,6.620,-68.755,-55.829,-30.792,75.486,39.702,-8.594,90.000,1856.7,1851.4,2242.6,2228.8,1971.7,2829.3,1411.8,1696.7,2905.9,1595.3,2144.8,1023.0
87,-0.300000,-0.300000,0.300000,0.006302,-0.385143,-0.464317,-0.601203,-0.639598,1.116478,1.070742,-0.150000,1.570796,-17.189,-17.189,17.189,0.361,-22.067,-26.603,-34.446,-36.646,63.969,61.349,-8.594,90.000,1851.4,1851.4,2242.6,2042.9,2298.1,2349.7,1655.1,1630.0,2774.8,1349.0,2144.8,1023.0
88,-0.300000,-0.300000,0.300000,-0.276422,-0.443235,-0.096260,-0.393938,-0.146198,1.222727,1.155360,-0.150000,1.570796,-17.189,-17.189,17.189,-15.838,-25.396,-5.515,-22.571,-8.377,70.057,66.197,-8.594,90.000,1851.4,1851.4,2242.6,2227.2,2335.9,2109.8,1790.2,1951.7,2844.1,1293.8,2144.8,1023.0
89,-0.102100,-0.300000,0.300000,-0.298386,-0.617353,-0.466972,-0.271994,-0.212314,0.942979,1.360694,-0.150000,1.570796,-5.850,-17.189,17.189,-17.096,-35.372,-26.756,-15.584,-12.165,54.029,77.962,-8.594,90.000,1980.4,1851.4,2242.6,2241.5,2449.5,2351.4,1869.7,1908.6,2661.7,1160.0,2144.8,1023.0
90,-0.048333,-0.300000,0.300000,-0.300000,-0.471326,-0.458690,-0.159876,-0.137436,0.482406,1.406335,-0.150000,1.570796,-2.769,-17.189,17.189,-17.189,-27.005,-26.281,-9.160,-7.875,27.640,80.577,-8.594,90.000,2015.5,1851.4,2242.6,2242.6,2354.3,2346.0,1942.8,1957.4,2361.5,1130.2,2144.8,1023.0
91,0.248262,-0.300000,0.055053,-0.177213,0.116210,-0.728893,0.203070,0.257458,0.240687,1.570796,-0.150000,1.570796,14.224,-17.189,3.154,-10.154,6.658,-41.762,11.635,14.751,13.790,90.000,-8.594,90.000,2208.8,1851.4,2082.9,2162.5,1971.2,2522.2,2179.4,2214.8,2203.9,1023.0,2144.8,1023.0
92,0.155520,-0.246450,-0.300000,0.010900,-0.108327,-0.613780,-0.026737,0.600000,1.330921,-0.150000,0.872131,-0.150000,8.911,-14.121,-17.189,0.625,-6.207,-35.167,-1.532,34.377,76.256,-8.594,49.969,-8.594,2148.4,1886.3,1851.4,2039.9,2117.6,2447.1,2029.6,2438.1,2914.6,2144.8,1478.5,2144.8
93,0.300000,0.215163,-0.300000,0.300000,0.133649,-0.658617,0.106600,-0.394878,0.403898,0.041319,0.989036,-0.150000,17.189,12.328,-17.189,17.189,7.658,-37.736,6.108,-22.625,23.142,2.367,56.668,-8.594,2242.6,2187.3,1851.4,1851.4,1959.9,2476.4,2116.5,1789.6,2310.3,2020.1,1402.2,2144.8
94,0.141844,0.222492,-0.300000,0.300000,-0.016560,-0.442124,0.408823,0.037648,0.871346,-0.150000,0.862082,-0.150000,8.127,12.748,-17.189,17.189,-0.949,-25.332,23.424,2.157,49.924,-8.594,49.394,-8.594,2139.5,2192.0,1851.4,1851.4,2057.8,2335.2,2313.5,2071.5,2615.0,2144.8,1485.0,2144.8
95,0.145934,0.232359,-0.300000,0.300000,0.072296,-0.417862,0.297599,0.317828,0.818818,-0.150000,0.671543,-0.150000,8.361,13.313,-17.189,17.189,4.142,-23.942,17.051,18.210,46.915,-8.594,38.477,-8.594,2142.1,2198.5,1851.4,1851.4,1999.9,2319.4,2241.0,2254.2,2580.8,2144.8,1609.2,2144.8
96,0.151237,0.171229,-0.300000,0.300000,0.183532,-0.541107,0.500623,0.598361,0.759577,-0.150000,0.604553,-0.150000,8.665,9.811,-17.189,17.189,10.516,-31.003,28.684,34.284,43.521,-8.594,34.638,-8.594,2145.6,2158.6,1851.4,1851.4,1927.4,2399.7,2373.4,2437.1,2542.2,2144.8,1652.9,2144.8
97,0.096720,0.078542,-0.300000,0.300000,0.551699,-0.737383,0.458778,0.600000,0.882869,-0.108079,0.587122,-0.150000,5.542,4.500,-17.189,17.189,31.610,-42.249,26.286,34.377,50.585,-6.192,33.640,-8.594,2110.1,2098.2,1851.4,1851.4,1687.3,2527.7,2346.1,2438.1,2622.5,2117.5,1664.3,2144.8
98,-0.144677,-0.300000,-0.300000,0.300000,-0.330017,-1.200000,-0.018790,0.600000,-0.150000,-0.150000,-0.150000,-0.150000,-8.289,-17.189,-17.189,17.189,-18.909,-68.755,-1.077,34.377,-8.594,-8.594,-8.594,-8.594,1952.7,1851.4,1851.4,1851.4,2262.1,2829.3,2034.8,2438.1,1949.2,2144.8,2144.8,2144.8
99,0.191193,-0.300000,0.300000,-0.273429,0.229246,-1.200000,-0.622156,-0.622279,1.530630,0.847513,-0.150000,1.570796,10.955,-17.189,17.189,-15.666,13.135,-68.755,-35.647,-35.654,87.699,48.559,-8.594,90.000,2171.6,1851.4,2242.6,2225.2,1897.6,2829.3,1641.4,1641.3,3044.8,1494.5,2144.8,1023.0
100,0.132273,-0.300000,0.300000,0.025726,-0.813438,-1.200000,-1.200000,-0.389914,1.219786,0.659261,-0.150000,1.570796,7.579,-17.189,17.189,1.474,-46.607,-68.755,-68.755,-22.340,69.889,37.773,-8.594,90.000,2133.2,1851.4,2242.6,2030.2,2577.3,2829.3,1264.7,1792.8,2842.2,1617.2,2144.8,1023.0
101,-0.300000,-0.300000,0.300000,0.025718,-0.501816,-0.778560,-0.949994,-0.638952,1.284485,0.971869,-0.150000,1.570796,-17.189,-17.189,17.189,1.474,-28.752,-44.608,-54.431,-36.609,73.596,55.684,-8.594,90.000,1851.4,1851.4,2242.6,2030.2,2374.1,2554.5,1427.7,1630.5,2884.4,1413.4,2144.8,1023.0
102,-0.300000,-0.300000,0.300000,-0.104186,-0.589716,-0.223470,-0.557639,-0.263143,1.570796,1.132045,-0.150000,1.570796,-17.189,-17.189,17.189,-5.969,-33.788,-12.804,-31.950,-15.077,90.000,64.861,-8.594,90.000,1851.4,1851.4,2242.6,2114.9,2431.4,2192.7,1683.5,1875.5,3071.0,1309.0,2144.8,1023.0
103,-0.300000,-0.300000,0.300000,-0.291124,-0.442627,-0.180740,-0.258698,0.037906,1.182621,1.200895,-0.150000,1.570796,-17.189,-17.189,17.189,-16.680,-25.361,-10.356,-14.822,2.172,67.759,68.806,-8.594,90.000,1851.4,1851.4,2242.6,2236.8,2335.5,2164.8,1878.4,2071.7,2817.9,1264.1,2144.8,1023.0
104,0.042357,-0.300000,0.300000,-0.300000,-0.611264,-0.816319,-0.339277,-0.260272,0.769173,1.366553,-0.150000,1.570796,2.427,-17.189,17.189,-17.189,-35.023,-46.772,-19.439,-14.912,44.070,78.298,-8.594,90.000,2074.6,1851.4,2242.6,2242.6,2445.5,2579.2,1825.8,1877.3,2548.4,1156.1,2144.8,1023.0
105,0.081155,-0.300000,-0.065426,-0.048027,0.139283,-0.733853,0.014901,0.292332,-0.031922,1.570796,-0.150000,1.570796,4.650,-17.189,-3.749,-2.752,7.980,-42.047,0.854,16.749,-1.829,90.000,-8.594,90.000,2099.9,1851.4,2004.3,2078.3,1956.2,2525.4,2056.7,2237.6,2026.2,1023.0,2144.8,1023.0
106,0.119026,-0.300000,-0.300000,-0.047400,-0.063786,-0.606402,-0.055659,0.600000,1.254895,-0.150000,1.078981,-0.150000,6.820,-17.189,-17.189,-2.716,-3.655,-34.744,-3.189,34.377,71.900,-8.594,61.821,-8.594,2124.6,1851.4,1851.4,2077.9,2088.6,2442.3,2010.7,2438.1,2865.1,2144.8,1343.6,2144.8
107,0.269962,0.224892,-0.300000,0.300000,0.007995,-0.609757,0.067843,-0.446854,0.497275,-0.053547,0.819638,-0.150000,15.468,12.885,-17.189,17.189,0.458,-34.937,3.887,-25.603,28.492,-3.068,46.962,-8.594,2223.0,2193.6,1851.4,1851.4,2041.8,2444.5,2091.2,1755.7,2371.2,2081.9,1512.7,2144.8
108,0.187464,0.156615,-0.300000,0.300000,0.107550,-0.584794,0.336755,0.033775,0.693060,-0.150000,0.843249,-0.150000,10.741,8.973,-17.189,17.189,6.162,-33.506,19.295,1.935,39.709,-8.594,48.315,-8.594,2169.2,2149.1,1851.4,1851.4,1976.9,2428.2,2266.5,2069.0,2498.8,2144.8,1497.3,2144.8
109,0.153472,0.097328,-0.300000,0.300000,0.329203,-0.701665,0.415701,0.417397,0.483898,-0.150000,0.736213,-0.086434,8.793,5.576,-17.189,17.189,18.862,-40.202,23.818,23.915,27.725,-8.594,42.182,-4.952,2147.0,2110.4,1851.4,1851.4,1832.4,2504.4,2318.0,2319.1,2362.5,2144.8,1567.1,2103.3
110,0.143949,0.082617,-0.300000,0.300000,0.356246,-0.711041,0.409500,0.600000,0.596189,-0.141714,0.552257,-0.150000,8.248,4.734,-17.189,17.189,20.411,-40.740,23.463,34.377,34.159,-8.120,31.642,-8.594,2140.8,2100.9,1851.4,1851.4,1814.8,2510.5,2314.0,2438.1,2435.7,2139.4,1687.0,2144.8
111,0.147105,0.005852,-0.300000,0.300000,0.365136,-0.811645,0.494923,0.600000,0.724055,0.034834,0.436919,-0.150000,8.428,0.335,-17.189,17.189,20.921,-46.504,28.357,34.377,41.485,1.996,25.034,-8.594,2142.9,2050.8,1851.4,1851.4,1809.0,2576.1,2369.6,2438.1,2519.0,2024.3,1762.2,2144.8
112,-0.040227,-0.106944,-0.300000,0.300000,0.600000,-1.137698,0.600000,0.600000,0.761655,0.277412,0.631132,-0.150000,-2.305,-6.127,-17.189,17.189,34.377,-65.185,34.377,34.377,43.640,15.895,36.161,-8.594,2020.8,1977.3,1851.4,1851.4,1655.9,2788.7,2438.1,2438.1,2543.5,1866.2,1635.6,2144.8
113,-0.300000,-0.300000,0.300000,0.047202,0.600000,-0.800123,0.589401,0.600000,1.424720,1.332624,-0.150000,1.272304,-17.189,-17.189,17.189,2.704,34.377,-45.844,33.770,34.377,81.630,76.354,-8.594,72.898,1851.4,1851.4,2242.6,2016.2,1655.9,2568.6,2431.2,2438.1,2975.8,1178.3,2144.8,1217.6
114,0.169919,-0.300000,0.300000,-0.300000,-0.270400,-1.200000,-0.391928,-1.200000,1.560130,1.384192,-0.150000,1.570796,9.736,-17.189,17.189,-17.189,-15.493,-68.755,-22.456,-68.755,89.389,79.308,-8.594,90.000,2157.8,1851.4,2242.6,2242.6,2223.3,2829.3,1791.5,1264.7,3064.0,1144.6,2144.8,1023.0
115,-0.300000,-0.296721,0.300000,0.021066,-0.002672,-0.917469,-0.773973,-0.390052,0.465264,1.166246,-0.150000,1.570796,-17.189,-17.001,17.189,1.207,-0.153,-52.567,-44.345,-22.348,26.658,66.821,-8.594,90.000,1851.4,1853.6,2242.6,2033.3,2048.7,2645.1,1542.4,1792.7,2350.3,1286.7,2144.8,1023.0
116,-0.300000,-0.300000,0.300000,-0.212799,-0.224131,0.115561,-0.185615,-0.290408,1.081982,1.329224,-0.150000,1.570796,-17.189,-17.189,17.189,-12.192,-12.842,6.621,-10.635,-16.639,61.993,76.159,-8.594,90.000,1851.4,1851.4,2242.6,2185.7,2193.1,1971.7,1926.0,1857.7,2752.3,1180.5,2144.8,1023.0
117,-0.033704,-0.300000,0.300000,-0.198814,-0.645229,-0.661921,-0.371781,-0.291764,1.032549,1.545988,-0.150000,1.570796,-1.931,-17.189,17.189,-11.391,-36.969,-37.925,-21.302,-16.717,59.161,88.579,-8.594,90.000,2025.0,1851.4,2242.6,2176.6,2467.6,2478.5,1804.6,1856.8,2720.1,1039.2,2144.8,1023.0
118,-0.074190,-0.300000,0.300000,-0.300000,-0.488318,-0.418430,-0.386699,-0.146727,0.595326,1.364578,-0.150000,1.570796,-4.251,-17.189,17.189,-17.189,-27.979,-23.974,-22.156,-8.407,34.110,78.185,-8.594,90.000,1998.6,1851.4,2242.6,2242.6,2365.3,2319.8,1794.9,1951.3,2435.1,1157.4,2144.8,1023.0
119,0.014837,-0.300000,0.125884,-0.188519,-0.044346,-0.941019,0.032789,0.284631,0.091163,1.570796,-0.150000,1.570796,0.850,-17.189,7.213,-10.801,-2.541,-53.916,1.879,16.308,5.223,90.000,-8.594,90.000,2056.7,1851.4,2129.1,2169.9,2075.9,2660.4,2068.4,2232.6,2106.4,1023.0,2144.8,1023.0
120,0.127668,-0.300000,-0.300000,0.300000,0.464771,-0.947844,-0.256993,0.600000,1.570796,0.335175,-0.007614,0.262424,7.315,-17.189,-17.189,17.189,26.629,-54.307,-14.725,34.377,90.000,19.204,-0.436,15.036,2130.2,1851.4,1851.4,1851.4,1744.0,2664.9,1879.5,2438.1,3071.0,1828.5,2052.0,1875.9
121,0.300000,0.236984,-0.300000,0.300000,0.123998,-0.494467,0.169159,-0.151410,0.340408,0.333521,1.045357,-0.150000,17.189,13.578,-17.189,17.189,7.105,-28.331,9.692,-8.675,19.504,19.109,59.895,-8.594,2242.6,2201.5,1851.4,1851.4,1966.2,2369.3,2157.3,1948.3,2268.9,1829.6,1365.5,2144.8
122,0.249716,0.289287,-0.300000,0.300000,-0.027705,-0.439523,0.316418,-0.049190,0.664411,-0.150000,0.702235,-0.150000,14.308,16.575,-17.189,17.189,-1.587,-25.183,18.129,-2.818,38.068,-8.594,40.235,-8.594,2209.8,2235.6,1851.4,1851.4,2065.1,2333.5,2253.3,2014.9,2480.1,2144.8,1589.2,2144.8
123,0.045092,0.300000,-0.300000,0.300000,0.097129,-0.370187,0.022018,-0.279193,0.643814,-0.150000,0.572220,-0.150000,2.584,17.189,-17.189,17.189,5.565,-21.210,1.262,-15.997,36.888,-8.594,32.786,-8.594,2076.4,2242.6,1851.4,1851.4,1983.7,2288.3,2061.4,1865.0,2466.7,2144.8,1674.0,2144.8
124,0.023744,0.197539,-0.300000,0.300000,0.344778,-0.912823,-0.103155,0.164544,0.915144,-0.150000,0.389358,-0.150000,1.360,11.318,-17.189,17.189,19.754,-52.301,-5.910,9.428,52.434,-8.594,22.309,-8.594,2062.5,2175.8,1851.4,1851.4,1822.2,2642.1,1979.8,2154.3,2643.6,2144.8,1793.2,2144.8
125,0.004285,-0.073459,-0.300000,0.300000,0.600000,-1.017576,0.511014,0.600000,0.317518,-0.150000,0.980243,-0.150000,0.246,-4.209,-17.189,17.189,34.377,-58.303,29.279,34.377,18.192,-8.594,56.164,-8.594,2049.8,1999.1,1851.4,1851.4,1655.9,2710.4,2380.1,2438.1,2254.0,2144.8,1408.0,2144.8
126,-0.187961,-0.219441,-0.300000,0.058897,0.600000,-1.025857,0.163603,0.600000,0.683360,0.292729,0.964631,-0.150000,-10.769,-12.573,-17.189,3.375,34.377,-58.777,9.374,34.377,39.154,16.772,55.269,-8.594,1924.5,1903.9,1851.4,2008.6,1655.9,2715.8,2153.7,2438.1,2492.5,1856.2,1418.2,2144.8
127,-0.300000,-0.300000,0.300000,-0.245838,0.600000,-0.588931,0.432777,0.600000,0.574771,1.070489,0.783028,-0.150000,-17.189,-17.189,17.189,-14.085,34.377,-33.743,24.796,34.377,32.932,61.335,44.864,-8.594,1851.4,1851.4,2242.6,2207.3,1655.9,2430.9,2329.1,2438.1,2421.7,1349.1,1536.5,2144.8
128,0.168448,-0.300000,0.300000,-0.300000,-0.266581,-1.200000,-0.217461,-1.190874,1.473014,1.570796,-0.150000,1.570796,9.651,-17.189,17.189,-17.189,-15.274,-68.755,-12.460,-68.232,84.397,90.000,-8.594,90.000,2156.8,1851.4,2242.6,2242.6,2220.8,2829.3,1905.2,1270.7,3007.3,1023.0,2144.8,1023.0
129,-0.089106,-0.300000,0.300000,-0.104860,-0.177709,-0.872505,-0.879128,-0.522063,1.171509,1.211822,-0.150000,1.570796,-5.105,-17.189,17.189,-6.008,-10.182,-49.991,-50.370,-29.912,67.123,69.432,-8.594,90.000,1988.9,1851.4,2242.6,2115.4,2162.8,2615.8,1473.9,1706.7,2810.7,1257.0,2144.8,1023.0
130,-0.300000,-0.300000,0.300000,-0.219878,-0.278569,-0.360438,-0.447279,-0.486086,0.981306,1.326041,-0.150000,1.570796,-17.189,-17.189,17.189,-12.598,-15.961,-20.652,-25.627,-27.851,56.225,75.977,-8.594,90.000,1851.4,1851.4,2242.6,2190.3,2228.6,2282.0,1755.4,1730.1,2686.7,1182.6,2144.8,1023.0
131,-0.291962,-0.300000,0.300000,-0.300000,-0.291143,-0.069659,-0.132122,-0.176148,0.871074,1.394399,-0.150000,1.570796,-16.728,-17.189,17.189,-17.189,-16.681,-3.991,-7.570,-10.093,49.909,79.893,-8.594,90.000,1856.7,1851.4,2242.6,2242.6,2236.8,2092.4,1960.9,1932.2,2614.9,1138.0,2144.8,1023.0
132,0.145004,-0.300000,0.300000,-0.293554,-0.334680,-0.920923,-0.158095,-0.219260,0.574017,1.570796,-0.150000,1.570796,8.308,-17.189,17.189,-16.819,-19.176,-52.765,-9.058,-12.563,32.889,90.000,-8.594,90.000,2141.5,1851.4,2242.6,2238.4,2265.2,2647.3,1943.9,1904.1,2421.2,1023.0,2144.8,1023.0
133,-0.149480,-0.300000,-0.300000,0.001526,0.232642,-0.706505,-0.305136,0.426048,0.316251,1.570796,-0.150000,1.570796,-8.565,-17.189,-17.189,0.087,13.329,-40.480,-17.483,24.411,18.120,90.000,-8.594,90.000,1949.6,1851.4,1851.4,2046.0,1895.3,2507.6,1848.1,2324.7,2253.2,1023.0,2144.8,1023.0
134,-0.011990,-0.300000,-0.300000,-0.300000,0.068907,-0.817625,-0.355717,0.600000,1.170494,-0.150000,1.355575,-0.150000,-0.687,-17.189,-17.189,-17.189,3.948,-46.846,-20.381,34.377,67.064,-8.594,77.669,-8.594,2039.2,1851.4,1851.4,2242.6,2002.1,2580.0,1815.1,2438.1,2810.0,2144.8,1163.3,2144.8
135,0.244605,0.214702,-0.300000,0.300000,0.031283,-0.658718,0.144766,-0.090011,0.930768,-0.150000,0.888866,-0.150000,14.015,12.301,-17.189,17.189,1.792,-37.742,8.294,-5.157,53.329,-8.594,50.928,-8.594,2206.5,2187.0,1851.4,1851.4,2026.6,2476.4,2141.4,1988.3,2653.8,2144.8,1467.5,2144.8
136,0.168427,0.109306,-0.300000,0.300000,0.104762,-0.643251,0.600000,0.289734,0.686397,-0.150000,0.966021,-0.150000,9.650,6.263,-17.189,17.189,6.002,-36.856,34.377,16.601,39.328,-8.594,55.349,-8.594,2156.8,2118.3,1851.4,1851.4,1978.7,2466.3,2438.1,2235.9,2494.5,2144.8,1417.3,2144.8
137,-0.022228,0.124014,-0.300000,0.300000,0.600000,-0.861518,0.227018,0.600000,0.740760,-0.150000,0.721819,-0.150000,-1.274,7.105,-17.189,17.189,34.377,-49.361,13.007,34.377,42.442,-8.594,41.357,-8.594,2032.5,2127.8,1851.4,1851.4,1655.9,2608.6,2195.0,2438.1,2529.9,2144.8,1576.4,2144.8
138,-0.202844,-0.122908,-0.300000,0.166763,0.600000,-1.199225,-0.119939,0.600000,1.095523,-0.052580,0.836744,-0.150000,-11.622,-7.042,-17.189,9.555,34.377,-68.711,-6.872,34.377,62.769,-3.013,47.942,-8.594,1914.8,1966.9,1851.4,1938.3,1655.9,2828.8,1968.8,2438.1,2761.2,2081.3,1501.5,2144.8
139,-0.300000,-0.300000,-0.300000,-0.065099,0.600000,-1.103615,0.487099,0.600000,0.467512,0.775558,1.046687,-0.150000,-17.189,-17.189,-17.189,-3.730,34.377,-63.232,27.909,34.377,26.786,44.436,59.971,-8.594,1851.4,1851.4,1851.4,2089.4,1655.9,2766.4,2364.5,2438.1,2351.8,1541.4,1364.7,2144.8
140,0.250545,-0.300000,0.300000,-0.300000,0.599682,-1.200000,0.131658,0.065327,1.215804,1.144956,-0.150000,1.478356,14.355,-17.189,17.189,-17.189,34.359,-68.755,7.543,3.743,69.660,65.601,-8.594,84.704,2210.3,1851.4,2242.6,2242.6,1656.1,2829.3,2132.8,2089.6,2839.6,1300.6,2144.8,1083.3
141,-0.221531,-0.300000,0.300000,-0.183052,-0.281987,-1.200000,-0.828147,-0.237397,1.570796,0.380736,-0.150000,1.570796,-12.693,-17.189,17.189,-10.488,-16.157,-68.755,-47.449,-13.602,90.000,21.815,-8.594,90.000,1902.6,1851.4,2242.6,2166.3,2230.8,2829.3,1507.1,1892.2,3071.0,1798.8,2144.8,1023.0
142,-0.288749,-0.300000,0.300000,0.166470,-0.729419,-0.732945,-1.076284,-1.200000,1.570796,0.647310,-0.150000,1.419886,-16.544,-17.189,17.189,9.538,-41.793,-41.995,-61.667,-68.755,90.000,37.088,-8.594,81.353,1858.8,1851.4,2242.6,1938.5,2522.5,2524.8,1345.4,1264.7,3071.0,1625.0,2144.8,1121.4
143,-0.300000,-0.300000,0.300000,-0.036908,-0.688203,-0.295393,-0.717174,-0.483454,1.570796,0.962624,-0.150000,1.492031,-17.189,-17.189,17.189,-2.115,-39.431,-16.925,-41.091,-27.700,90.000,55.154,-8.594,85.487,1851.4,1851.4,2242.6,2071.1,2495.6,2239.6,1579.5,1731.8,3071.0,1419.5,2144.8,1074.3
144,-0.300000,-0.300000,0.300000,-0.233856,-0.424560,0.033365,-0.474783,-0.012730,1.570796,0.956729,-0.150000,1.501270,-17.189,-17.189,17.189,-13.399,-24.326,1.912,-27.203,-0.729,90.000,54.817,-8.594,86.016,1851.4,1851.4,2242.6,2199.5,2323.8,2025.2,1737.5,2038.7,3071.0,1423.3,2144.8,1068.3
145,-0.289829,-0.300000,0.300000,-0.300000,-0.538343,-0.280074,-0.382123,-0.116499,1.082561,1.220688,-0.150000,1.570796,-16.606,-17.189,17.189,-17.189,-30.845,-16.047,-21.894,-6.675,62.026,69.940,-8.594,90.000,1858.1,1851.4,2242.6,2242.6,2397.9,2229.6,1797.9,1971.1,2752.7,1251.2,2144.8,1023.0
146,-0.068711,-0.300000,0.300000,-0.300000,-0.440671,-0.368247,-0.141597,0.053964,0.520453,1.570796,-0.150000,1.570796,-3.937,-17.189,17.189,-17.189,-25.249,-21.099,-8.113,3.092,29.820,90.000,-8.594,90.000,2002.2,1851.4,2242.6,2242.6,2334.3,2287.1,1954.7,2082.2,2386.3,1023.0,2144.8,1023.0
147,-0.065499,-0.086946,-0.286109,-0.236784,0.038835,-0.854116,0.002101,0.600000,-0.137549,1.570796,-0.150000,1.570796,-3.753,-4.982,-16.393,-13.567,2.225,-48.937,0.120,34.377,-7.881,90.000,-8.594,90.000,2004.3,1990.3,1860.5,2201.4,2021.7,2603.8,2048.4,2438.1,1957.3,1023.0,2144.8,1023.0
148,0.116796,-0.228971,-0.300000,0.300000,-0.478243,-0.928376,0.097719,0.600000,1.006531,-0.150000,-0.150000,0.645369,6.692,-13.119,-17.189,17.189,-27.401,-53.192,5.599,34.377,57.670,-8.594,-8.594,36.977,2123.1,1897.7,1851.4,1851.4,2358.8,2652.2,2110.7,2438.1,2703.2,2144.8,2144.8,1626.3
149,0.098469,0.000076,-0.300000,0.044233,-0.082768,-0.530911,0.222331,0.581435,1.570796,-0.150000,1.060479,-0.150000,5.642,0.004,-17.189,2.534,-4.742,-30.419,12.739,33.314,90.000,-8.594,60.761,-8.594,2111.2,2047.0,1851.4,2018.2,2101.0,2393.1,2191.9,2426.0,3071.0,2144.8,1355.7,2144.8
150,0.238105,0.253997,-0.300000,0.300000,0.150521,-0.682547,0.350499,-0.192317,0.592746,-0.150000,0.977595,-0.150000,13.642,14.553,-17.189,17.189,8.624,-39.107,20.082,-11.019,33.962,-8.594,56.012,-8.594,2202.2,2212.6,1851.4,1851.4,1948.9,2492.0,2275.5,1921.6,2433.4,2144.8,1409.7,2144.8
151,0.156436,0.195028,-0.300000,0.300000,0.249593,-0.435062,0.158247,0.114149,0.871470,-0.150000,0.876515,-0.150000,8.963,11.174,-17.189,17.189,14.301,-24.927,9.067,6.540,49.932,-8.594,50.221,-8.594,2149.0,2174.1,1851.4,1851.4,1884.3,2330.6,2150.2,2121.4,2615.1,2144.8,1475.6,2144.8
152,0.135863,0.167673,-0.300000,0.300000,0.228883,-0.508266,0.430553,0.072898,0.504116,-0.150000,0.779943,-0.134297,7.784,9.607,-17.189,17.189,13.114,-29.122,24.669,4.177,28.884,-8.594,44.687,-7.695,2135.6,2156.3,1851.4,1851.4,1897.8,2378.3,2327.7,2094.5,2375.6,2144.8,1538.6,2134.5
153,0.087607,0.028930,-0.300000,0.300000,0.600000,-0.913496,0.184188,0.600000,0.742593,-0.150000,0.637890,-0.150000,5.020,1.658,-17.189,17.189,34.377,-52.339,10.553,34.377,42.547,-8.594,36.548,-8.594,2104.1,2065.9,1851.4,1851.4,1655.9,2642.5,2167.1,2438.1,2531.1,2144.8,1631.2,2144.8
154,0.075798,0.041447,-0.300000,0.300000,0.543784,-0.817696,0.313946,0.600000,0.590525,-0.131228,0.538957,-0.150000,4.343,2.375,-17.189,17.189,31.157,-46.851,17.988,34.377,33.835,-7.519,30.880,-8.594,2096.4,2074.0,1851.4,1851.4,1692.5,2580.1,2251.7,2438.1,2432.0,2132.5,1695.7,2144.8
155,-0.086103,-0.054885,-0.300000,0.300000,0.600000,-0.985548,0.187647,0.600000,0.721137,-0.065966,0.554240,-0.150000,-4.933,-3.145,-17.189,17.189,34.377,-56.468,10.751,34.377,41.318,-3.780,31.756,-8.594,1990.9,2011.2,1851.4,1851.4,1655.9,2689.5,2169.3,2438.1,2517.1,2090.0,1685.7,2144.8
156,-0.300000,-0.300000,-0.125849,-0.169461,0.600000,-0.981259,0.600000,0.600000,-0.150000,1.448115,1.132869,-0.000502,-17.189,-17.189,-7.211,-9.709,34.377,-56.222,34.377,34.377,-8.594,82.971,64.909,-0.029,1851.4,1851.4,1965.0,2157.5,1655.9,2686.7,2438.1,2438.1,1949.2,1103.0,1308.5,2047.3
157,-0.135243,-0.300000,0.300000,-0.300000,0.269865,-1.200000,0.081229,-0.277274,0.410507,1.279911,-0.150000,1.570796,-7.749,-17.189,17.189,-17.189,15.462,-68.755,4.654,-15.887,23.520,73.333,-8.594,90.000,1958.8,1851.4,2242.6,2242.6,1871.1,2829.3,2100.0,1866.2,2314.6,1212.6,2144.8,1023.0
158,-0.107116,-0.300000,0.300000,-0.011581,-0.375413,-0.835561,-0.837997,-0.665443,0.671153,1.141032,-0.150000,1.570796,-6.137,-17.189,17.189,-0.664,-21.510,-47.874,-48.014,-38.127,38.454,65.376,-8.594,90.000,1977.2,1851.4,2242.6,2054.5,2291.7,2591.7,1500.7,1613.2,2484.5,1303.2,2144.8,1023.0
159,-0.300000,-0.300000,0.300000,-0.077995,-0.176493,-0.443267,-0.651035,-0.120487,0.843170,1.084245,-0.150000,1.570796,-17.189,-17.189,17.189,-4.469,-10.112,-25.397,-37.302,-6.903,48.310,62.123,-8.594,90.000,1851.4,1851.4,2242.6,2097.8,2162.1,2336.0,1622.6,1968.5,2596.7,1340.2,2144.8,1023.0
160,-0.234850,-0.300000,0.300000,-0.300000,-0.439034,-0.335931,-0.280051,-0.182616,0.906606,1.282420,-0.150000,1.570796,-13.456,-17.189,17.189,-17.189,-25.155,-19.247,-16.046,-10.463,51.945,73.477,-8.594,90.000,1893.9,1851.4,2242.6,2242.6,2333.2,2266.0,1864.4,1928.0,2638.0,1211.0,2144.8,1023.0
161,-0.017099,-0.300000,0.300000,-0.300000,-0.635975,-0.738503,-0.426673,-0.429669,0.921690,1.292628,-0.150000,1.570796,-0.980,-17.189,17.189,-17.189,-36.439,-42.313,-24.447,-24.618,52.809,74.062,-8.594,90.000,2035.9,1851.4,2242.6,2242.6,2461.6,2528.4,1768.9,1766.9,2647.8,1204.3,2144.8,1023.0
162,0.060662,-0.300000,0.300000,-0.300000,-0.477241,-0.547800,-0.288555,-0.158581,0.450757,1.570796,-0.150000,1.570796,3.476,-17.189,17.189,-17.189,-27.344,-31.387,-16.533,-9.086,25.826,90.000,-8.594,90.000,2086.5,1851.4,2242.6,2242.6,2358.1,2404.1,1858.9,1943.6,2340.8,1023.0,2144.8,1023.0
163,0.236017,-0.300000,-0.300000,-0.256954,-0.165801,-0.677492,0.105239,0.534918,0.557293,1.570796,-0.150000,1.570796,13.523,-17.189,-17.189,-14.722,-9.500,-38.817,6.030,30.649,31.931,90.000,-8.594,90.000,2200.9,1851.4,1851.4,2214.5,2155.1,2488.7,2115.6,2395.7,2410.3,1023.0,2144.8,1023.0
164,-0.045832,-0.208247,-0.300000,-0.225895,-0.156808,-0.678604,-0.253205,0.600000,1.473817,-0.150000,0.971493,-0.150000,-2.626,-11.932,-17.189,-12.943,-8.984,-38.881,-14.508,34.377,84.443,-8.594,55.662,-8.594,2017.1,1911.2,1851.4,2194.3,2149.2,2489.4,1881.9,2438.1,3007.8,2144.8,1413.7,2144.8
165,0.300000,0.157272,-0.300000,0.300000,0.255467,-0.714883,0.131394,-0.406998,0.367313,0.228100,0.970841,-0.150000,17.189,9.011,-17.189,17.189,14.637,-40.960,7.528,-23.319,21.045,13.069,55.625,-8.594,2242.6,2149.5,1851.4,1851.4,1880.5,2513.0,2132.7,1781.7,2286.5,1898.3,1414.1,2144.8
166,0.232230,0.158184,-0.300000,0.300000,0.082675,-0.591908,0.600000,0.064191,0.574570,-0.150000,0.803012,-0.150000,13.306,9.063,-17.189,17.189,4.737,-33.914,34.377,3.678,32.920,-8.594,46.009,-8.594,2198.4,2150.1,1851.4,1851.4,1993.1,2432.9,2438.1,2088.8,2421.6,2144.8,1523.5,2144.8
167,0.292181,0.201540,-0.300000,0.300000,0.233108,-0.243921,0.241613,0.196547,0.539004,0.152664,0.733736,-0.150000,16.741,11.547,-17.189,17.189,13.356,-13.976,13.843,11.261,30.883,8.747,42.040,-8.594,2237.5,2178.4,1851.4,1851.4,1895.0,2206.0,2204.5,2175.1,2398.4,1947.5,1568.7,2144.8
168,0.103998,0.267151,-0.300000,0.300000,0.049637,-0.513301,0.139114,-0.047529,0.510251,-0.150000,0.350951,-0.150000,5.959,15.307,-17.189,17.189,2.844,-29.410,7.971,-2.723,29.235,-8.594,20.108,-8.594,2114.8,2221.2,1851.4,1851.4,2014.6,2381.6,2137.7,2016.0,2379.6,2144.8,1818.2,2144.8
169,0.049177,-0.044277,-0.300000,0.300000,0.600000,-1.078457,0.224530,0.600000,0.518573,-0.150000,0.648700,-0.150000,2.818,-2.537,-17.189,17.189,34.377,-61.791,12.865,34.377,29.712,-8.594,37.168,-8.594,2079.1,2018.1,1851.4,1851.4,1655.9,2750.0,2193.4,2438.1,2385.1,2144.8,1624.1,2144.8
170,-0.099094,-0.121561,-0.300000,0.235955,0.600000,-1.177239,-0.060795,0.600000,0.661166,0.388153,0.528879,-0.150000,-5.678,-6.965,-17.189,13.519,34.377,-67.451,-3.483,34.377,37.882,22.240,30.303,-8.594,1982.4,1967.8,1851.4,1893.2,1655.9,2814.4,2007.4,2438.1,2478.0,1794.0,1702.2,2144.8
171,-0.300000,-0.300000,0.031539,-0.057615,0.600000,-0.887564,0.600000,0.600000,-0.119409,1.318027,0.736114,-0.150000,-17.189,-17.189,1.807,-3.301,34.377,-50.854,34.377,34.377,-6.842,75.517,42.176,-8.594,1851.4,1851.4,2067.6,2084.6,1655.9,2625.6,2438.1,2438.1,1969.2,1187.8,1567.1,2144.8
172,-0.047482,-0.300000,0.300000,-0.015802,-0.177019,-1.200000,-0.528059,-0.480275,0.390032,1.570796,-0.019906,1.570796,-2.720,-17.189,17.189,-0.905,-10.142,-68.755,-30.256,-27.518,22.347,90.000,-1.141,90.000,2016.0,1851.4,2242.6,2057.3,2162.4,2829.3,1702.8,1733.9,2301.3,1023.0,2060.0,1023.0
173,-0.300000,-0.300000,0.300000,0.072494,-0.218912,-0.754878,-0.791186,-0.223237,0.165161,0.889144,-0.150000,1.570796,-17.189,-17.189,17.189,4.154,-12.543,-43.251,-45.332,-12.791,9.463,50.944,-8.594,90.000,1851.4,1851.4,2242.6,1999.7,2189.7,2539.1,1531.2,1901.5,2154.7,1467.4,2144.8,1023.0
174,-0.300000,-0.300000,0.300000,-0.300000,-0.119395,-0.098059,-0.356712,-0.353669,0.977483,1.150615,-0.150000,1.570796,-17.189,-17.189,17.189,-17.189,-6.841,-5.618,-20.438,-20.264,56.006,65.925,-8.594,90.000,1851.4,1851.4,2242.6,2242.6,2124.8,2110.9,1814.5,1816.4,2684.2,1296.9,2144.8,1023.0
175,-0.047564,-0.300000,0.300000,-0.288124,-0.465226,-0.717446,-0.247721,-0.311615,0.849267,1.457218,-0.150000,1.570796,-2.725,-17.189,17.189,-16.508,-26.656,-41.107,-14.193,-17.854,48.659,83.492,-8.594,90.000,2016.0,1851.4,2242.6,2234.8,2350.3,2514.7,1885.5,1843.9,2600.6,1097.0,2144.8,1023.0
176,-0.016818,-0.300000,0.300000,-0.300000,-0.360514,-0.518360,-0.201727,-0.250253,0.462884,1.393573,-0.150000,1.570796,-0.964,-17.189,17.189,-17.189,-20.656,-29.700,-11.558,-14.338,26.521,79.846,-8.594,90.000,2036.0,1851.4,2242.6,2242.6,2282.0,2384.9,1915.5,1883.9,2348.8,1138.5,2144.8,1023.0
177,0.223271,-0.300000,0.206404,-0.207052,-0.122657,-0.897148,0.005058,-0.049635,0.262329,1.570796,-0.150000,1.570796,12.792,-17.189,11.826,-11.863,-7.028,-51.403,0.290,-2.844,15.030,90.000,-8.594,90.000,2192.6,1851.4,2181.6,2182.0,2127.0,2631.8,2050.3,2014.6,2218.0,1023.0,2144.8,1023.0
178,0.084080,-0.300000,-0.300000,0.300000,0.558953,-0.780952,0.069171,0.600000,1.317639,0.933974,-0.150000,1.047634,4.817,-17.189,-17.189,17.189,32.026,-44.745,3.963,34.377,75.495,53.513,-8.594,60.025,2101.8,1851.4,1851.4,1851.4,1682.6,2556.1,2092.1,2438.1,2906.0,1438.1,2144.8,1364.0
179,0.086985,0.028273,-0.300000,-0.024800,-0.376528,-0.466039,0.285354,0.268016,1.422518,-0.150000,1.078317,-0.150000,4.984,1.620,-17.189,-1.421,-21.573,-26.702,16.350,15.356,81.504,-8.594,61.783,-8.594,2103.7,2065.4,1851.4,2063.2,2292.5,2350.8,2233.0,2221.7,2974.3,2144.8,1344.0,2144.8
180,0.073460,0.248441,-0.300000,0.300000,0.047486,-0.670941,0.311954,0.090012,1.059381,-0.150000,0.913895,-0.150000,4.209,14.235,-17.189,17.189,2.721,-38.442,17.874,5.157,60.698,-8.594,52.362,-8.594,2094.9,2209.0,1851.4,1851.4,2016.0,2484.4,2250.4,2105.7,2737.6,2144.8,1451.2,2144.8
181,-0.073071,0.300000,-0.300000,0.126894,0.528981,-0.616758,-0.004223,0.600000,1.474257,-0.150000,0.597038,-0.150000,-4.187,17.189,-17.189,7.271,30.308,-35.338,-0.242,34.377,84.469,-8.594,34.208,-8.594,1999.4,2242.6,1851.4,1964.3,1702.2,2449.1,2044.2,2438.1,3008.1,2144.8,1657.8,2144.8
182,-0.207068,0.300000,-0.300000,0.042060,0.600000,-0.762129,-0.056569,0.586871,1.570796,-0.150000,0.285414,-0.150000,-11.864,17.189,-17.189,2.410,34.377,-43.667,-3.241,33.625,90.000,-8.594,16.353,-8.594,1912.0,2242.6,1851.4,2019.6,1655.9,2543.8,2010.1,2429.6,3071.0,2144.8,1860.9,2144.8
183,-0.123454,-0.122041,-0.300000,0.153886,0.490765,-1.200000,-0.287220,0.600000,1.042836,-0.150000,0.023600,-0.150000,-7.073,-6.992,-17.189,8.817,28.119,-68.755,-16.457,34.377,59.750,-8.594,1.352,-8.594,1966.5,1967.4,1851.4,1946.7,1727.1,2829.3,1859.8,2438.1,2726.8,2144.8,2031.6,2144.8
